ISIN,TckrSymb
INE144J01027,20MICRONS
INE253B01015,21STCENMGM
INE466L01038,360ONE
INF579M01BB5,GOLD360
INF579M01BC3,SILVER360
INE748C01038,3IINFOLTD
INE470A01017,3MINDIA
INE105C01023,3PLAND
INE618L01018,5PAISA
INE111B01023,63MOONS
INE08PH01015,ABCOTS
INE00YB01025,ABINFRA
INE619I01012,A2ZINFRA
INE883F01010,AADHARHFC
INE087Z01024,AAKASH
INE721Z01010,AARON
INE01C001026,AARTECH
INE767A01016,AARTIDRUGS
INE769A01020,AARTIIND
INE0LRU01027,AARTIPHARM
INE09EO01013,AARTISURF
INE754X01016,AARVI
INE216P01012,AAVAS
INE00ZE01026,AFSL
INE117A01022,ABB
INE358A01014,ABBOTINDIA
INE012A01025,ACC
INE793A01012,ACCELYA
INE648Z01023,ACCURACY
INE543V01017,ACEINTEG
INE622W01025,ACMESOLAR
INE731H01025,ACE
INE00FF01025,ACUTAAS
INE931S01010,ADANIENSOL
INE423A01024,ADANIENT
INE364U01010,ADANIGREEN
INE742F01042,ADANIPORTS
INE814H01029,ADANIPOWER
INE399L01023,ATGL
INE982B01027,ADFFOODS
INE404A01024,ABSLAMC
INE674K01013,ABCAPITAL
INE647O01011,ABFRL
INE14LE01019,ABLBL
INE865C01022,BIRLAMONEY
INE055A01016,ABREL
INE819V01029,CPPLUS
INE679V01027,AVL
INF209KB18D3,BSLGOLDETF
INF209KB19D1,BSLNIFTY
INE045A01017,ADOR
INE737B01033,ADROITINFO
INE1B0W01010,ADVANCE
INE837H01020,ADVENZYMES
INE199C01026,ADVANIHOTR
INE28GN01010,ADVENTHTL
INE208C01025,AEGISLOG
INE0INX01018,AEGISVOPAK
INE065D01027,AEROENTER
INE024001021,AEROFLEX
INE035801013,AERONEU
INE0BWX01014,AETHER
INE101I01011,AFCONS
INE00WC01027,AFFLE
INE692Z01013,AFFORDABLE
INE204E01012,AGARIND
INE415A01038,AGI
INE976R01033,AGIIL
INE449G01018,AGRITECH
INE740V01019,AGROPHOS
INE00PV01013,AHLADA
INE758C01029,AHLUCONT
INE212H01026,AIAENG
INE805A01014,GOLDTECH
INE645W01026,AIRAN
INE801L01010,AIROLAM
INE031B01049,AJANTPHARM
INE274Y01021,AJAXENGG
INE298G01027,AJMERA
INE820Y01021,AJOONI
INE737W01013,AKASH
INE00Y801016,AKG
INE642Z01026,AKI
INE916Y01027,AFIL
INE523B01011,AKSHOPTFBR
INE542B01011,AKSHARCHEM
INE09XN01023,AKUMS
INE133A01011,AKZOINDIA
INE914E01040,ALANKIT
INE155C01010,ALBERTDAVD
INE426A01027,ALEMBICLTD
INE901L01018,APLLTD
INE062D01024,ALICON
INE03Q201024,ALIVUS
INE773I01017,ALKALI
INE540L01014,ALKEM
INE150B01039,ALKYLAMINE
INE0GV601021,ALLTIME
INE418H01029,ALLCARGO
INE0NN701020,ATL
INE835G01018,ALLDIGI
INE552Z01027,ABDL
INE102I01027,ADSL
INE326B01035,ALMONDZ
INE270A01029,ALOKINDS
INE385I01010,ALPA
INE137C01018,ALPHAGEO
INE093B01015,ALPSINDUS
INE084K01015,AMANTA
INE885A01032,ARE&M
INE371P01015,AMBER
INE792B01012,AMBICAAGAR
INE540G01014,AMBIKCO
INE079A01024,AMBUJACEM
INE005I01014,AMDIND
INE275D01022,AMNPLST
INE606A01024,AMJLAND
INE098F01031,AMRUTANJAN
INE549H01021,ARSSBL
INE463V01026,ANANDRATHI
INE242C01024,ANANTRAJ
INE435A01051,ANDHRAPAP
INE715B01021,ANDHRSUGAR
INE732I01013,ANGELONE
INE087B01017,ANIKINDS
INE071F01012,APCL
INE02AR01019,ANMOL
INE414B01021,ANTGRAPHIC
INE818A01017,ANTELOPUS
INE0CZ201020,ANTHEM
INE01BK01022,AWHCL
INE489G01022,ANUHPHR
INE930P01018,ANURAS
INF1J2R01114,AONEGOLD
INF1J2R01056,AONELIQUID
INF1J2R01064,AONENIFTY
INF1J2R01148,AONETMMQ50
INF1J2R01015,AONETOTAL
INE372A01015,APARINDS
INE116A01032,APCOTEXIND
INE346W01013,APEX
INE702C01027,APLAPOLLO
INE437A01024,APOLLOHOSP
INE713T01028,APOLLO
INE126J01016,APOLLOPIPE
INE451F01024,APOLSINHOT
INE438A01022,APOLLOTYRE
INE266F01018,APTECHT
INE852O01025,APTUS
INE128X01021,ACI
INE0CHO01012,ADL
INE877I01016,ARCHIDPLY
INE731A01020,ARCHIES
INE298I01015,ARIES
INE420B01036,ARIHANTCAP
INE643K01018,ARIHANTSUP
INE0H9P01028,ARISINFRA
INE0QRL01017,ARKADE
INE109C01017,ARMANFIN
INE210C01013,AROGRANITE
INE570D01018,ARROWGREEN
INE738V01013,ARTNIRMAN
INE025R01021,ARTEMISMED
INE006Z01016,ARVEE
INE955V01021,ARVINDFASN
INE034A01011,ARVIND
INE034S01021,ARVSMART
INE439A01020,ASAHIINDIA
INE228I01012,ASAHISONG
INE348A01023,ASHAPURMIN
INE365D01021,ASHIANA
INE440A01010,ASHIMASYN
INE208A01029,ASHOKLEY
INE442H01029,ASHOKA
INE760Y01011,ASHOKAMET
INE276G01015,ASIANENE
INE022I01019,ASIANTILES
INE926K01017,AHLEAST
INE363A01022,ASIANHOTNR
INE021A01026,ASIANPAINT
INE491J01022,ASKAUTOLTD
INE991I01015,ASPINWALL
INE073G01016,ASALCBR
INE563J01010,ASTEC
INE914M01019,ASTERDM
INE386C01029,ASTRAMICRO
INE006I01046,ASTRAL
INE203A01020,ASTRAZEN
INE646X01014,ASTRON
INE0ALR01029,ATALREAL
INE09KD01013,ATAM
INE0LEZ01016,ATHERENERG
INE0Z4F01028,ATLANTAELE
INE446A01025,ATLASCYCLE
INE951D01028,ATULAUTO
INE100A01010,ATUL
INE949L01017,AUBANK
INE925Y01036,AURIGROW
INE132H01018,AURIONPRO
INE406A01037,AUROPHARMA
INE898S01029,AURUM
INE218C01016,AUSOMENT
INE206F01022,AIIL
INE718H01014,AUTOIND
INE449A01011,AUTOAXLES
INE900C01027,ASAL
INE349W01017,AVADHSUGAR
INE0LCL01028,AVALON
INE005B01027,AVANTEL
INE871C01038,AVANTIFEED
INE192R01011,DMART
INE680Z01018,AVG
INE323B01024,AVONMORE
INE652Z01017,AVROIND
INE488D01021,AVTNPL
INE108V01019,AWFIS
INE699H01024,AWL
INE238A01034,AXISBANK
INF846K01W80,AXISGOLD
INF846K01X63,AXISBNKETF
INF846K01Z04,AXISBPSETF
INF846K016C7,AXISCETF
INF846K01Z12,AXISHCETF
INF846K011K1,AXISILVER
INF846K01W98,AXISNIFTY
INF846K01Y96,AXISTECETF
INF846KA1119,AXISVALUE
INF846K010Q0,AXSENSEX
INE02EZ01022,AXITA
INE193B01039,AYMSYNTEX
INE02IJ01035,AZAD
INE01EE01011,BBTCL
INE116D01028,BAGFILMS
INE350H01032,BLKASHYAP
INE01FR01028,STYLEBAAZA
INE020D01022,BAIDFIN
INE917I01010,BAJAJ-AUTO
INE933K01021,BAJAJCON
INE193E01025,BAJAJELEC
INE296A01032,BAJFINANCE
INE918I01026,BAJAJFINSV
INE411U01027,BAJAJHCARE
INE306A01021,BAJAJHIND
INE118A01012,BAJAJHLDNG
INE377Y01014,BAJAJHFL
INE0KQN01018,BAJEL
INE083D01012,BALPHARMA
INE050E01027,BALAMINES
INE794B01026,BALAJITELE
INE618N01022,BALAXI
INE787D01026,BALKRISIND
INE875R01011,BALKRISHNA
INE164A01016,BALMLAWRIE
INE119A01028,BALRAMCHIN
INE011E01029,BALUFORGE
INE655B01011,BANARBEADS
INE213C01025,BANCOINDIA
INE545U01014,BANDHANBNK
INF194KA1U07,IDFNIFTYET
INE863I01016,BANG
INE028A01039,BANKBARODA
INE084A01016,BANKINDIA
INE457A01014,MAHABANK
INE862Y01015,BANKA
INE186H01022,BASML
INE459A01010,BANARISUG
INE0B9K01025,BANSALWIRE
INE629D01020,BANSWRAS
INF251K01TL6,BBNPNBETF
INF251K01SU9,BBNPPGOLD
INE373A01013,BASF
INE176A01028,BATAINDIA
INE462A01022,BAYERCROP
INE412G01024,BCLIND
INE520H01022,BEARDSELL
INE844K01012,BEDMUTHA
INE344T01014,BELLACASA
INE894V01022,BELRISE
INE0N7W01012,BLAL
INE258A01024,BEML
INE463A01038,BERGEPAINT
INE052T01013,BESTAGRO
INE351Y01019,BETA
INE878K01010,BFINVEST
INF0QA701714,BANKBETF
INF0QA701854,LIQUIDBETF
INF0QA701722,NIFTYBETF
INE354C01027,BHAGERIA
INE414D01027,BHAGCHEM
INE474E01029,BHANDARI
INE922A01025,BEPL
INE464A01036,BBL
INE171Z01026,BDL
INE263A01024,BEL
INE465A01025,BHARATFORG
INE029A01011,BPCL
INE838B01013,BHARATRAS
INE727S01012,BRNL
INE415D01024,BHARATSE
INE316L01019,BHARATWIRE
INE397D01024,BHARTIARTL
INE343G01021,BHARTIHEXA
INE828A01016,BIL
INE257A01026,BHEL
INE412U01025,BIGBLOC
INE00E101023,BIKAJI
INE0HOQ01053,GROWW
INE376G01013,BIOCON
INE829A01014,BIOFILCHEM
INE800A01015,BIRLACABLE
INE340A01012,BIRLACORPN
INE557A01011,BIRLANU
INF209KC1134,ABGSEC
INF209KB17D5,ABSLBANETF
INF209KB18T9,ABSLLIQUID
INF209KB16D7,ABSLNN50ET
INF209KB10E8,BSLSENETFG
INF209KB10C2,HEALTHY
INF209KB14K7,MOMENTUM
INF209KB15K4,NIFTYQLITY
INF209KB19F6,SILVER
INF209KB11D8,TECH
INF209KB19Z4,ABSLPSE
INE836A01035,BSOFT
INE676A01027,BBOX
INE0UIZ01018,BLACKBUCK
INE791A01024,BLBLIMITED
INE416D01022,BLISSGVS
INE0NLT01010,BLSE
INE153T01027,BLS
INE233B01017,BLUEDART
INE0KBH01020,BLUEJET
INE472A01039,BLUESTARCO
INE304W01038,BLUESTONE
INE0U4101014,BLUSPRING
INE965W01036,BMWVENTLTD
INE338D01028,BODALCHEM
INE0EEJ01023,BTML
INE802W01023,BOHRAIND
INE050A01025,BBTC
INE032A01023,BOMDYEING
INE032Z01020,BSHSL
INE16SF01016,BORANA
INE02PY01013,BOROLTD
INE666D01022,BORORENEW
INE02L001032,BOROSCI
INE323A01026,BOSCHLTD
INE110A01019,BPL
INE02RE01045,FIRSTCRY
INE791I01019,BRIGADE
INE03NU01014,BRIGHOTEL
INE425B01027,BCG
INE216A01030,BRITANNIA
INE650L01011,BROOKS
INE118H01025,BSE
INE594B01012,BSL
INE295F01017,BUTTERFLY
INE0BV301023,MAPMYINDIA
INE526B01014,CALSOFT
INE627H01017,CTE
INE052I01032,CAMLINFINE
INE278Y01022,CAMPUS
INE477A01020,CANFINHOME
INE476A01022,CANBK
INE01TY01017,CANHLIFE
INE218I01013,CRAMC
INE068L01024,CANTABIL
INE264T01014,CAPACITE
INE0ILV01024,CAPILLARY
INE345H01024,CIFL
INE646H01017,CAPITALSFB
INE707C01018,CAPTRUST
INE475E01026,CAPLIPOINT
INE180C01042,CGCL
INE120A01034,CARBORUNIV
INE752H01013,CARERATING
INE0P6P01016,CPEDU
INE0V7W01012,CARRARO
INE290S01011,CARTRADE
INE482D01024,CARYSIL
INE172A01027,CASTROLIND
INE421D01022,CCL
INE482A01020,CEATLTD
INE0AG901020,CEIGALL
INE185H01016,CELEBRITY
INE0LMW01024,CELLO
INE686A01026,CEMPRO
INE483A01010,CENTRALBK
INE736A01011,CDSL
INE660C01027,CENTRUM
INE320B01020,CENTUM
INE485A01015,CENTENKA
INE348B01021,CENTURYPLY
INE739E01017,CERA
INE486A01021,CESC
INE067A01029,CGPOWER
INE427F01016,CHALET
INE419D01026,CLSEL
INE085A01013,CHAMBLFERT
INE0TGX01019,CHEMBONDCH
INE995D01025,CHEMBOND
INE03YM01018,CHEMCON
INE783X01023,CHEMFAB
INE488A01050,CHEMPLASTS
INE178A01016,CHENNPETRO
INE974B01016,CHEVIOT
INE102B01014,CHOICEIN
INF2KCX01012,CHOICEGOLD
INE149A01033,CHOLAHLDNG
INE121A01024,CHOLAFIN
INE536H01010,CIEINDIA
INE675C01017,CIGNITITEC
INE704H01022,CINELINE
INE039B01026,CINEVISTA
INE059A01026,CIPLA
INE491A01021,CUB
INE227W01023,CLEAN
INE925R01014,CMSINFO
INE522F01014,COALINDIA
INE377E01024,COASTCORP
INE704P01025,COCHINSHIP
INE591G01025,COFORGE
INE03QK01018,COHANCE
INE259A01022,COLPAL
INE453B01029,COMPUSOFT
INE596I01012,CAMS
INE338H01029,CONCORDBIO
INE037Z01029,CEWATER
INE552D01024,CONFIPET
INE025A01027,CONSOFINVT
INE111A01025,CONCOR
INE663B01015,CONTROLPR
INE558D01021,CORALFINAC
INE792I01017,CORDSCABLE
INE169A01031,COROMANDEL
INE757A01017,COSMOFIRST
INE652F01027,CCHHL
INE695B01025,COUNCODOS
INE521J01018,CPCAP
INF457M01133,CPSEETF
INE00LO01017,CRAFTSMAN
INE230B01021,CREATIVEYE
INE985W01018,CREATIVE
INE741K01010,CREDITACC
INE220Q01020,MUFTI
INE559D01011,CREST
INE007A01025,CRISIL
INE0S4R01014,CRIZAC
INE299U01018,CROMPTON
INE491V01019,CROWN
INE679A01013,CSBBANK
INE718F01018,CSLFINANCE
INE144D01012,CUBEXTUB
INE298A01020,CUMMINSIND
INE509F01029,CUPID
INE055S01018,CYIENTDLM
INE136B01020,CYIENT
INE864X01013,DPWIRES
INE250K01012,DLINKINDIA
INE266Y01019,DPABHUSHAN
INE950I01011,DBCORP
INE016A01026,DABUR
INE00R701025,DALBHARAT
INE495A01022,DALMIASUG
INE284H01025,DAMCAPITAL
INE497D01022,DAMODARIND
INE688Y01022,DANGEE
INE0IX101010,DATAPATTNS
INE365B01017,DATAMATICS
INE179G01029,DAVANGERE
INE921B01025,DBSTOCKBRO
INE0A1101019,DCI
INE503A01015,DCBBANK
INE891B01012,DCMFINSERV
INE498A01018,DCM
INE08KP01019,DCMNVL
INE843D01027,DCMSRIND
INE499A01024,DCMSHRIRAM
INE500A01029,DCW
INE0KL801015,DCXINDIA
INE0HR601026,DDEVPLSTIK
INE244A01016,DENORA
INE411Y01011,DIL
INE583C01021,DECCANCE
INE841L01016,DEEDEV
INE0FHS01024,DEEPINDS
INE0OPA01019,DBEIL
INE501A01019,DEEPAKFERT
INE288B01029,DEEPAKNTR
INE148O01028,DELHIVERY
INE726L01019,DELPHIFX
INE124G01033,DELTACORP
INE393A01011,DELTAMAGNT
INE947J01015,DEN
INE0R4L01018,DENTA
INE0VOV01021,DEVX
INE060X01034,DEVIT
INE872J01023,DEVYANI
INE0I3401014,DBOL
INE041A01016,DHAMPURSUG
INE680A01011,DHANBANK
INE435G01025,DHANUKA
INE00OQ01016,DHARMAJ
INE506Z01015,DHRUV
INE320L01011,DHUNINV
INE341R01014,DTIL
INE477B01010,DVL
INE591D01014,DIAMINESQ
INE989C01038,DIACABS
INE303A01010,DICIND
INE184O01015,DIFFNKG
INE03JI01017,DGCONTENT
INE0PSC01024,DIGIDRIVE
INE0U4701011,DIGITIDE
INE016M01021,DNAMEDIA
INE917M01012,DBL
INE836F01026,DISHTV
INE385W01011,DCAL
INE753U01022,DIVGIITTS
INE361B01024,DIVISLAB
INE935N01020,DIXON
INE0B1K01014,DJML
INE271C01023,DLF
INE505A01010,DMCC
INE021O01019,DODLA
INE966A01022,DOLATALGO
INE325C01035,DOLLAR
INE920A01037,DOLPHIN
INE321T01012,DOMS
INE668D01028,DONEAR
INE360C01024,DPSCLTD
INE943P01029,AGARWALEYE
INE600L01024,LALPATHLAB
INE089A01031,DRREDDY
INE03RS01027,DRCSYSTEMS
INE0JS101016,DREAMFOLKS
INE506A01018,DREDGECORP
INE055C01020,KEEPLEARN
INF740KA1EU7,LIQUIDETF
INF740KA1RX3,BANKETFADD
INF740KA1SW3,GOLDETFADD
INF740KA1SX1,ITETFADD
INF740KA1CL0,NIFTY50ADD
INF740KA1QK2,EQUAL50ADD
INF740KA1SY9,PSUBANKADD
INF740KA1TA7,PVTBANKADD
INF740KA1QL0,MIDQ50ADD
INF740KA1SZ6,SENSEXADD
INF740KA1RE3,SILVERADD
INF740KA1WU9,FLEXIADD
INF740KA1UF4,HEALTHADD
INF740KA1UM0,LIQUIDADD
INF740KA1VE5,NEXT30ADD
INF740KA1UR9,TOP10ADD
INE741L01018,DUCON
INE366A01041,DWARKESH
INE417B01040,DSSL
INE221B01012,DYNAMATECH
INE600Y01019,DYCL
INE256H01015,DYNPRO
INE255Z01019,E2E
INE07O001026,EASEMYTRIP
INE738I01010,ECLERX
INE06HJ01020,ECOSMOBLTY
INF754K01OB1,BBETF0432
INF754K01TE4,EBANKNIFTY
INF754K01KO2,EBBETF0430
INF754K01LE1,EBBETF0431
INF754K01QX0,EBBETF0433
INF754K01TX4,ECAPINSURE
INF754K01SE6,EGOLD
INF754K01VW2,ELIQUID
INF754K01VV4,ELM250
INF754K01TF1,EMULTIMQ
INF754K01VX0,ENIFTY
INF754K01VY8,ESENSEX
INF754K01SF3,ESILVER
INE532F01054,EDELWEISS
INE886D01026,EFCIL
INE066A01021,EICHERMOT
INE126A01031,EIDPARRY
INE276C01014,EIHAHOTELS
INE230A01023,EIHOTEL
INE158B01016,EIMCOELECO
INE668G01021,ELDEHSG
INE205B01031,ELECON
INE02YR01019,EMIL
INE086A01029,ELECTCAST
INE822G01016,ELECTHERM
INE285A01027,ELGIEQUIP
INE050401020,ELIN
INE236E01022,ELLEN
INE548C01032,EMAMILTD
INE830C01026,EMAMIPAP
INE778K01012,EMAMIREAL
INE069I01010,EMBDL
INE168P01015,EMCURE
INE753K01015,EMMBI
INE1C6T01020,EMMVEE
INE0OV601013,EMSLIMITED
INE01QM01018,EMUDHRA
INE913H01037,ENDURANCE
INE306C01019,ENERGYDEV
INE510A01028,ENGINERSIN
INE010601016,ENTERO
INE265F01028,ENIL
INE0LLY01014,EIEL
INE0G5901015,EPACK
INE0MLS01022,EPACKPEB
INE071N01016,EPIGRAL
INE255A01020,EPL
INE063P01018,EQUITASBNK
INE406M01024,ERIS
INE284A01012,ESABINDIA
INE818W01011,ESAFSFB
INE042A01014,ESCORTS
INE778B01029,ESTER
INE758T01015,ETERNAL
INE04TZ01018,ETHOSLTD
INE0KCE01017,EUREKAFORB
INE546V01010,EIFFL
INE505V01016,EUROBOND
INE198501012,EUROPRATIK
INE128A01029,EVEREADY
INE295A01018,EVERESTIND
INE184H01027,EKC
INE369A01029,EXCELINDUS
INE606N01019,EXCELSOFT
INE777F01014,EXICOM
INE302A01020,EXIDEIND
INE201K01015,EXPLEOSOL
INE0HF201011,FABTECH
INE188A01015,FACT
INE0DNW01011,FAIRCHEMOR
INE963C01033,FAZE3Q
INE512B01022,FCSSOFT
INE258B01022,FDC
INE007N01010,FEDFINA
INE171A01029,FEDERALBNK
INE529A01010,FMGOETZE
INE296C01020,FIBERWEB
INE737H01014,FIEMIND
INE185E01021,FILATFASH
INE816B01035,FILATEX
INE686Y01026,FINEORG
INE045J01034,FCL
INE734I01027,FINKURVE
INE02NC01014,FINOPB
INE235A01022,FINCABLES
INE183A01024,FINPIPE
INE684F01012,FSL
INE771F01041,FISCHER
INE128S01021,FIVESTAR
INE00Y201027,FLAIR
INE060J01017,FLEXITUFF
INE593W01028,FOCUS
INE976E01023,FOODSIN
INE451A01017,FORCEMOT
INE061F01013,FORTIS
INE519A01011,FOSECOIND
INE388Y01029,NYKAA
INE12UR01024,UTLSOLAR
INE139R01012,FUSION
INE075D01018,GMBREW
INE201P01022,GRINFRA
INE586X01012,GTECJAINX
INE524A01029,GABRIEL
INE224E01028,GATECH
INE224E01036,GATECHDVR
INE129A01019,GAIL
INE0RE001014,GALAPREC
INE600K01018,GALAXYSURF
INE297H01019,GALLANTT
INE717W01049,GANDHAR
INE524B01027,GANDHITUBE
INE388A01029,GANESHBE
INE652V01016,GANESHCP
INE460C01014,GANESHHOU
INE845D01014,GANECOS
INE691Z01023,GANGAFORGE
INE335W01016,GANGESSECU
INE382Z01011,GRSE
INE0JVO01026,GARUDA
INE291A01017,GRWRHITECH
INE276A01018,GARFIBRES
INE079J01017,GATEWAY
INE878A01011,GVPIL
INE200A01026,GVT&D
INE916G01016,GEECEE
INE669X01032,GEEKAYWIRE
INE06XZ01023,GEMAROMA
INE481Y01014,GICRE
INE854S01022,GENCON
INE727B01026,GENESYS
INE949P01018,GENUSPAPER
INE955D01029,GENUSPOWER
INE007B01023,GEOJITFSL
INE538A01037,GFLLIMITED
INE539A01019,GHCL
INE0PA801013,GHCLTEXTIL
INE289B01019,GICHSGFIN
INE047B01011,GILLANDERS
INE322A01010,GILLETTE
INE424C01010,GINNIFILA
INE1AG301022,GKENERGY
INE528A01020,GKWLIMITED
INE068V01023,GLAND
INE159A01016,GLAXO
INE935A01035,GLENMARK
INE291W01037,GLOBAL
INE474Q01031,MEDANTA
INE0JSX01015,GSLSU
INE792H01019,GLOBALVECT
INE0URU01010,GLOBALE
INE0V3U01015,GLOBECIVIL
INE581X01021,GLOBE
INE615I01010,GLOBUSSPR
INE350Z01018,GLOSTERLTD
INE0TQE01026,GLOTTIS
INE541A01023,GMMPFAUDLR
INE776C01039,GMRAIRPORT
INE0CU601026,GMRP&UI
INE934S01014,GNA
INE18JU01028,EBGNG
INE03JT01014,GODIGIT
INE0BJS01011,GOCOLORS
INE426D01013,GOACARBON
INE077F01035,GOCLCORP
INE497S01012,GODAVARIB
INE177H01039,GPIL
INE260B01028,GODFRYPHLP
INE850D01014,GODREJAGRO
INE102D01028,GODREJCP
INE233A01035,GODREJIND
INE484J01027,GODREJPROP
INE887G01027,GOKEX
INE314T01033,GOKULAGRO
INE020J01029,GOKUL
INE025B01025,GOLDIAM
INE127I01024,GOODLUCK
INE0L9R01028,GOPAL
INE705X01026,GOYALALUM
INE586G01017,GULFPETRO
INE486R01017,GPTHEALTH
INE390G01014,GPTINFRA
INE101D01020,GRANULES
INE371A01025,GRAPHITE
INE047A01021,GRASIM
INE024L01027,GRAVITA
INE224A01026,GREAVESCOT
INE544R01021,GREENLAM
INE08ZM01014,GREENPANEL
INE461C01038,GREENPLY
INE536A01023,GRINDWELL
INE192H01020,GRMOVER
INF666M01IO8,GROWWDEFNC
INF666M01IH2,GROWWEV
INF666M01IW1,GROWWGOLD
INF666M01IP5,GROWWLIQID
INF666M01LB9,GROWWLOVOL
INF666M01MV5,GROWWMC150
INF666M01KJ4,GROWWMOM50
INF666M01JV1,GROWWN200
INF666M01LI4,GROWWNET
INF666M01LL8,GROWWNIFTY
INF666M01LZ8,GROWWNXT50
INF666M01LM6,GROWWPOWER
INF666M01JJ6,GROWWRAIL
INF666M01MN2,GROWWRLTY
INF666M01MO0,GROWWSC250
INF666M01LA1,GROWWSLVR
INE137I01015,GRPLTD
INE871H01011,GSS
INE221H01019,GTLINFRA
INE043A01012,GTL
INE869I01013,GTPL
INE742B01025,GUFICBIO
INE162A01010,GIPCL
INE113A01013,GNFC
INE026A01025,GSFC
INE186A01019,GUJALKALI
INE036B01030,GAEL
INE09N301011,FLUOROCHEM
INE844O01030,GUJGASLTD
INE131A01031,GMDCLTD
INE517F01014,GPPL
INE246F01010,GSPL
INE942C01045,GUJTHEM
INE635Q01029,GULFOILLUB
INE255D01024,GULPOLY
INE382T01030,GVPTECH
INE926X01010,HGINFRA
INE320X01016,HALEOSLABS
INE419U01012,HAPPSTMNDS
INE330T01021,HAPPYFORGE
INE626Z01029,HARDWYN
INE00EV01017,HARIOMPIPE
INE544A01019,HARRMALAYA
INE0JUS01029,HARSHA
INE982F01036,HATHWAY
INE473B01035,HATSUN
INE176B01034,HAVELLS
INE292B01021,HBLENGINE
INE236A01020,HCL-INSYS
INE860A01027,HCLTECH
INE756I01012,HDBFS
INE127D01025,HDFCAMC
INE040A01034,HDFCBANK
INF179KC1981,HDFCGOLD
INE795G01014,HDFCLIFE
INF179KC1EZ4,HDFCBSE500
INF179KC1DJ0,HDFCGROWTH
INF179KC1JG3,HDFCLIQUID
INF179KC1HU8,HDFCLOWVOL
INF179KC1HT0,HDFCMID150
INF179KC1HV6,HDFCMOMENT
INF179KC1HS2,HDFCNEXT50
INF179KC1HR4,HDFCNIF100
INF179KC1HY0,HDFCNIFBAN
INF179KC1IA8,HDFCNIFIT
INF179KC1965,HDFCNIFTY
INF179KC1HZ7,HDFCPVTBAN
INF179KC1DL6,HDFCQUAL
INF179KC1HX2,HDFCSENSEX
INF179KC1DI2,HDFCSILVER
INF179KC1FB2,HDFCSML250
INF179KC1DK8,HDFCVALUE
INF179KC1HW4,HDFCPSUBK
INE759V01019,HEADSUP
INE075I01017,HCG
INE558R01013,HECPROJECT
INE545A01024,HEG
INE578A01017,HEIDELBERG
INE0AJG01018,HEMIPROP
INE694N01015,HERANBA
INE688E01024,HERCULES
INE978A01027,HERITGFOOD
INE158A01026,HEROMOTOCO
INE782E01017,HESTERBIO
INE492A01029,HEUBACHIND
INE750M01017,HEXATRADEX
INE093A01041,HEXT
INE548A01028,HFCL
INE106T01025,HITECH
INE00RL01028,HILINFRA
INE475B01022,HIKAL
INE788H01017,HILTON
INE019C01026,HSCL
INE049A01027,HIMATSEIDE
INE835D01023,HIRECT
INE038A01020,HINDALCO
INE642Y01029,HINDCON
INE05X901010,HPIL
INE170I01016,HGS
INE066F01020,HAL
INE310C01029,HINDCOMPOS
INE549A01026,HCC
INE531E01026,HINDCOPPER
INE254N01026,HNDFDS
INE871K01015,HMVL
INE345A01011,HINDOILEXP
INE094A01015,HINDPETRO
INE030A01027,HINDUNILVR
INE267A01025,HINDZINC
INE05AN01011,HINDWAREAP
INE598C01011,HISARMETAL
INE07Y701011,POWERINDIA
INE120D01012,HITECHCORP
INE461D01028,HLEGLAS
INE102A01024,HLVLTD
INE0ECP01024,HMAAGRO
INE481N01025,HOMEFIRST
INE0J5401028,HONASA
INE634A01018,HONDAPOWER
INE671A01010,HONAUT
INE0GSL01024,HPAL
INE495S01016,HPL
INE031A01017,HUDCO
INE501G01024,HTMEDIA
INE703H01016,HUBTOWN
INE275B01026,HUHTAMAKI
INE0V6F01027,HYUNDAI
INE204A01010,IGPL
INE520Y01019,ICEMAKE
INE090A01021,ICICIBANK
INE765G01017,ICICIGI
INF109KC19U5,LOWVOLIETF
INE726G01019,ICICIPRULI
INF109KC10W0,MIDSELIETF
INF109KC16V9,NIF100IETF
INF109K012R6,NIFTYIETF
INF346A01034,SENSEXIETF
INF109KC1NT3,GOLDIETF
INF109KC11V0,NV20IETF
INF109KB15Y7,ICICIB22
INF109K1A021,CASHIETF
INF109K1A153,EVIETF
INF109KC18O0,GSEC10IETF
INF109KC1V59,BSE500IETF
INF109KC14A8,GSEC5IETF
INF109KC17V7,ALPL30IETF
INF109KC10V2,AUTOIETF
INF109KC18U7,PVTBANIETF
INF109KC19O8,COMMOIETF
INF109KC1V42,CONSUMIETF
INF109KC19V3,FMCGIETF
INF109KC16E5,INFRAIETF
INF109KC1KT9,LIQUIDIETF
INF109KC11W8,MIDCAPIETF
INF109KC17C7,MOM30IETF
INF109KC1NS5,NEXT50IETF
INF109KC1Q72,HEALTHIETF
INF109KC18V5,QUAL30IETF
INF109KC1Y56,SILVERIETF
INF109KC16I6,ITIETF
INF109KC15I8,BANKIETF
INF109KC19W1,METALIETF
INF109KC18W3,OILIETF
INF109KC10S8,PSUBNKIETF
INF109K1A344,TOP15IETF
INF109KC16X5,VAL30IETF
INF109KC17L8,FINIETF
INE725G01011,ICRA
INE008A01015,IDBI
INE349Y01013,IDEAFORGE
INE092T01019,IDFCFIRSTB
INE076C01018,IFBAGRO
INE559A01017,IFBIND
INE039A01010,IFCI
INE133Y01011,IFGLEXPOR
INE188B01013,IGARASHI
INE489L01022,IIFLCAPS
INE530B01024,IIFL
INE0LOJ01019,IKIO
INE050B01023,IVC
INE172N01012,IMAGICAA
INE452L01012,INCREDIBLE
INE547E01014,IMPAL
INE915B01019,INDSWFTLAB
INE611L01021,INDTERRAIN
INE841B01017,INDBANK
INE0O9T01021,BAJAJINDEF
INE065X01017,INDGN
INE560A01023,INDIAGLYCO
INE092B01025,INDNIPPON
INE0D6701023,IPL
INE922K01024,INDIASHLTR
INE353K01014,ITDC
INE933S01016,INDIAMART
INE562A01011,INDIANB
INE061A01014,INDIANCARD
INE022Q01020,IEX
INE323C01030,INDIANHUME
INE919H01018,IMFA
INE242A01010,IOC
INE565A01014,IOB
INE335Y01020,IRCTC
INE053F01010,IRFC
INE202E01016,IREDA
INE09VQ01012,INDIGOPNTS
INE06ST01018,INDIQUBE
INE760F01028,INDOAMIN
INE803D01021,INDOBORAX
INE483B01026,ICIL
INE622H01018,INDOFARM
INE156A01020,INDORAMA
INE332H01014,INDOTECH
INE250Z01010,INDOUS
INE567A01028,NIPPOBATRY
INE873D01024,INDOCO
INE05J901018,IGCL
INE896L01010,INDOSTAR
INE227G01018,INDOWIND
INE203G01027,IGL
INE681B01017,INDRAMEDCO
INE121J01017,INDUSTOWER
INE095A01012,INDUSINDBK
INE886A01014,IITL
INE483S01020,INFIBEAM
INE663F01032,NAUKRI
INE344S01016,INFOBEAN
INE669A01022,INFOMEDIA
INE009A01021,INFY
INE177A01018,INGERRAND
INE0DUT01020,INNOVACAP
INE403Y01018,INNOVANA
INE510W01014,INOXGREEN
INE616N01034,INOXINDIA
INE066P01011,INOXWIND
INE070I01018,INSECTICID
INE020G01017,INSPIRISYS
INE418N01035,ESSENTIA
INE306R01017,INTELLECT
INE00M901018,INTERARCH
INE646L01027,INDIGO
INE0Q9301021,IGIL
INE575C01027,INTLCONV
INE566K01011,ISFT
INE878H01024,INVENTURE
INE115Q01022,IKS
INF205K01361,IVZINGOLD
INE485C01029,IOLCP
INE570A01022,IONEXCHANG
INE571A01038,IPCALAB
INE821I01022,IRB
INE962Y01021,IRCON
INE864K01010,IRIS
INE01GN01025,IRISDOREME
INE07U701015,IRMENERGY
INE858B01029,ISGEC
INE379A01028,ITCHOTELS
INE154A01025,ITC
INE248A01017,ITI
INE056801025,IVALUE
INE043C01018,IVP
INE168A01041,J&KBANK
INE572A01036,JBCHEPHARM
INE0MB501011,JGCHEM
INE199G01027,JAGRAN
INE048B01035,JAGSNPHARM
INE091G01026,JAIBALAJI
INE070D01027,JAICORPLTD
IN9175A01010,JISLDVREQS
INE175A01038,JISLJALEQS
INE0YD401026,JAINREC
INE351F01018,JPPOWER
INE039C01032,JAMNAAUTO
INE953L01027,JSFB
INE00YJ01010,JARO
INE039O01029,JASH
INE571B01036,JAYBARMARU
INE785A01026,JAYAGROGN
INE854B01010,JAYNECOIND
INE364A01020,JAYSREETEA
INE927D01051,JBMA
INE0J5801029,JSLL
INE982V01025,JETFREIGHT
INE544H01014,JHS
INE03DD01011,RETAIL
INE147P01019,JPOLYINVST
INE742C01031,JINDRILL
INE796G01012,JINDALPHOT
INE197D01010,JINDALPOLY
INE324A01032,JINDALSAW
INE220G01021,JSL
INE749A01030,JINDALSTEL
INE247D01039,JINDWORLD
INE1FF001016,JKIPL
INE758E01017,JIOFIN
INE823G01014,JKCEMENT
INE786A01032,JKLAKSHMI
INE789E01012,JKPAPER
INE573A01042,JKTYRE
INE576I01022,JKIL
INE780C01023,JMFINANCIL
INE0OAF01028,JNKINDIA
INE839G01010,JOCIL
INE782A01015,JCHAC
INE718I01012,JSWCEMENT
INE121E01018,JSWENERGY
INE824G01012,JSWHL
INE880J01026,JSWINFRA
INE019A01038,JSWSTEEL
INE643A01035,JTEKTINDIA
INE391J01032,JTLIND
INE797F01020,JUBLFOOD
INE0BY001018,JUBLINGREA
INE700A01033,JUBLPHARMA
INE412C01023,JMA
INE696F01016,JUNIPER
INE682M01012,JLHL
INE209L01016,JWL
INE599M01018,JUSTDIAL
INE668F01031,JYOTHYLAB
INE980O01024,JYOTICNC
INE197A01024,JYOTISTRUC
INE157H01023,KMSUGAR
INE127T01021,KPEL
INE900B01029,KABRAEXTRU
INE217B01036,KAJARIACER
INE437B01014,KAKATCEM
INE227J01012,KALPATARU
INE220B01022,KPIL
INE303R01014,KALYANKJIL
INE314G01014,KALYANIFRG
INE029L01018,KICL
INE907A01026,KSL
INE967C01018,KAMATHOTEL
INE390H01020,KAMDHENU
INE0BTI01037,KAMOPAINTS
INE879E01037,KANANIIND
INE138C01024,KANORICHEM
INE694E01014,KANPRPLA
INE531A01024,KANSAINER
INE542Z01028,KAPSTON
INE614B01018,KTKBANK
INE036D01028,KARURVYSYA
INE455I01029,KSCL
INE587G01015,KAYA
INE918Z01012,KAYNES
INE805C01028,KCP
INE790B01024,KCPSUGIND
INE291D01011,KDDL
INE389H01022,KEC
INE878B01027,KEI
INE164B01030,KELLTONTEC
INE202H01019,KERNEX
INE087A01019,KESORAMIND
INE401H01017,KKCL
INE681C01015,KEYFINSERV
INE263M01029,RUSTOMJEE
INE138Y01010,KFINTECH
INE834I01025,KHADIM
INE731C01018,KHAITANLTD
INE745B01028,KHAICHEM
INE060B01014,KHANDSE
INE729D01010,KILITCH
INE880L01014,KIOCL
INE415I01015,KIRIINDUS
INE732A01036,KIRLOSBROS
INE134B01017,KECL
INE250A01039,KIRLOSIND
INE146L01010,KIRLOSENG
INE811A01020,KIRLPNU
INE602G01020,KITEX
INE0CJD01011,KMEW
INE634I01029,KNRCON
INE080B01012,KOHINOOR
INE760A01029,KOKUYOCMLN
INE094I01018,KOLTEPATIL
INE082A01010,KOPRAN
INF174KA1HJ8,GOLD1
INE237A01028,KOTAKBANK
INF174K014P6,NIFTY1
INF373I01023,PSUBANK
INF174KA1XV0,CHEMICAL
INF174KA1IA5,ALPHA
INF174KA1JE5,CONS
INF174KA1GC5,IT
INF174KA1LV5,LIQUID1
INF174KA1IY5,LOWVOL1
INF174KA1IB3,MIDCAP
INF174KA1JF2,MNC
INF174KA1KU9,SILVER1
INF174K01Z71,NV20
INF174KA1VW2,MID150
INF174KA1XS6,MOMENTUM30
INF174KA1VD2,MSCIINDIA
INF174KA1UW4,NIFTY100EW
INF174KA1WT6,QUALITY30
INF174K01F59,BANKNIFTY1
INE720A01015,KOTHARIPET
INE823A01017,KOTHARIPRO
INE419A01022,KOTARISUG
INE542W01025,KPIGREEN
INE04I401011,KPITTECH
INE930H01031,KPRMILL
INE001B01026,KRBL
INE268B01013,KREBSBIO
INE524L01026,KRIDHANINF
INE506W01012,KRISHANA
INE0GGO01015,KRISHIVAL
INE967H01025,KIMS
INE479D01038,KRITI
INE798K01010,KRITINUT
INE00Z501029,KRITIKA
INE0Q3J01015,KRN
INE0ATZ01017,KRONOX
INE0O6601022,KROSS
INE08LI01020,KRSNAA
INE0QN801017,KRYSTAL
INE999A01023,KSB
INE013801027,KSHITIJPOL
INE0D6I01023,KSOLVES
INE529I01021,KUANTUM
INE498L01015,LTF
INE010V01017,LTTS
INE059D01020,LAOPALA
INE548Z01017,LAGNAM
INE850E01012,LFIC
INE112F01022,LAMBODHARA
INE559R01029,LANDMARK
INE197J01017,LPDC
INE018A01030,LT
INE0I7C01011,LATENTVIEW
INE947Q01028,LAURUSLABS
INE801V01019,LAXMICOT
INE0WO601020,LAXMIDENTL
INE258Y01016,LGHL
INE06WU01026,LAXMIINDIA
INE576O01020,LXCHEM
INE938A01021,LCCINFOTEC
INE0HV901016,IXIGO
INE0AQ201015,THELEELA
INE970X01018,LEMONTREE
INE956O01016,LENSKART
INE337A01034,LGBBROSLTD
INE324D01010,LGEINDIA
INE908V01012,LIBAS
INE557B01019,LIBERTSHOE
INE115A01026,LICHSGFIN
INF397L01554,LICMFGOLD
INF767K01OS7,LICNETFN50
INF767K01OT5,LICNETFSEN
INF767K01PC8,LICNFNHGP
INF767K01MV5,LICNETFGSC
INF767K01RN1,LICNMID100
INE0J1Y01017,LICI
INE060901027,LIKHITHA
INE802B01027,LINC
INE405C01035,LINCOLN
INE473A01011,LINDEINDIA
INE093R01011,LLOYDSENGG
INE080I01025,LLOYDSENT
INE281B01032,LLOYDSME
INE269B01029,LMW
INE670K01029,LODHA
INE397H01017,LOKESHMACH
INE846D01012,LORDSCHLO
INE740X01023,LAL
INE597L01014,LOVABLE
INE970D01010,LOYALTEX
INE818H01020,LTFOODS
INE214T01019,LTIM
INE872H01027,LUMAXTECH
INE162B01018,LUMAXIND
INE326A01037,LUPIN
INE150G01020,LUXIND
INE933A01014,LYKALABS
INE142K01011,LYPSAGEMS
INE08N601015,MBEL
INE964W01021,MKPL
INE774D01024,M&MFIN
INE215I01027,MAANALU
INE155Z01011,MACPOWER
INE925C01016,MADHAV
INE378D01032,MADHUCON
INE900L01010,MBAPL
INE414A01015,MADRASFERT
INE347W01011,MAGADSUGAR
INE613C01026,MCLOUD
INE387I01016,MAGNUM
INE843B01013,MAHAPEXLTD
INE0US801024,MFML
INE112D01035,MHLXMIRU
INE002S01010,MGL
INE153A01019,MTNL
INE288A01013,MAHSCOOTER
INE271B01025,MAHSEAMLES
INE263W01010,MAHESHWARI
INE101A01026,M&M
INE215D01010,MAHEPC
INE998I01010,MHRIL
INE813A01018,MAHLIFE
INE766P01016,MAHLOG
INE683C01011,MAITHANALL
INE389C01015,MALLCOM
INE383H01017,MALUPAPER
INE0TO701015,MAMATA
INE830Q01018,MANAKCOAT
INE993A01026,MANINDS
INE949H01023,MANINFRA
INE015D01022,MANAKSIA
INE824Q01011,MANAKSTEEL
INE201A01024,MANALIPETC
INE522D01027,MANAPPURAM
INE939X01013,MANBA
INE545L01039,MANCREDIT
INE0PKD01011,MEIL
INE347A01017,MANGLMCEM
INE584F01014,MANGALAM
INE0APB01032,MGEL
INE370D01013,MANORG
INE0JYY01011,MWL
INE634S01028,MANKIND
INE0KNT01012,MVGJL
INE784W01015,MANOMAY
INE00VM01036,MANORAMA
INE882A01013,MARALOVER
INE182D01020,MARATHON
INE196A01026,MARICO
INE01JE01028,MARINE
INE0FW001016,MARKOLINES
INE750C01026,MARKSANS
INE585B01010,MARUTI
INE348L01012,MASFIN
INE759A01021,MASTEK
INE677D01037,MASTERTR
INE866R01028,MATRIMONY
INE636A01039,MAWANASUG
INE03EI01018,MAXESTATES
INE180A01020,MFSL
INE027H01010,MAXHEALTH
INE0CG601016,MAXIND
INE040D01038,MAYURUNIQ
INE249Z01020,MAZDOCK
INE885E01042,MAZDA
INE912H01013,MBLINFRA
INE456Z01021,MEDIASSIST
INE646B01010,MEDICAMEQ
INE804L01022,MEDPLUS
INE0CT101020,MOL
INE071D01033,MENONBE
INE317I01021,METROBRAND
INE112L01020,METROPOLIS
INE287C01037,MICEL
INE0XAD01024,MIDWESTLTD
INE842C01021,MINDACORP
INE110B01017,MINDTECK
INF769K01KU7,ALPHAETF
INF769K01KR3,BANKETF
INF769K01LZ4,BANKPSU
INF769K01NS5,CONSUMER
INF769K01PR2,ENERGY
INF769K01OA1,EQUAL200
INF769K01OO2,EQUAL50
INF769K01LQ3,EVINDIA
INF769K01PB6,INTERNET
INF769K01KV5,ITETF
INF769K01KS1,LIQUID
INF769K01MY5,LIQUIDPLUS
INF769K01GS9,ESG
INF769K01HF4,MAFANG
INF769K01HI8,BFSI
INF769K01JP9,GOLDETF
INF769K01KF8,GSEC10YEAR
INF769K01HS7,MAHKTECH
INF769K01IC9,MIDCAPETF
INF769K01IB1,MAKEINDIA
INF769K01EG9,NIFTYETF
INF769K01JU9,LOWVOL
INF769K01FN2,NEXT50
INF769K01KG6,SILVERAG
INF769K01HP3,MASPTOP50
INF769K01LY7,METAL
INF769K01LJ8,MIDSMALL
INF769K01LX9,MULTICAP
INF769K01ON4,SELECTIPO
INF769K01KT9,SENSEXETF
INF769K01PQ4,SMALL250
INF769K01LC3,SMALLCAP
INE771A01026,MIRZAINT
INE099Z01011,MIDHANI
INE828O01033,MITCON
INE997Y01027,MITTAL
INE227C01017,MMFL
INE511Y01018,MMP
INE123F01029,MMTC
INE794W01014,MODTHREAD
INE832A01018,MODIRUBBER
INE0L0L01012,MODIS
INE737D01021,MODISONLTD
INE490G01020,MOIL
INE514Y01020,MOKSH
INE893J01029,MOLDTKPAC
INE835B01035,MOLDTECH
INE903D01011,MONARCH
INE296Q01012,MONEYBOXX
INE950M01013,MONTECARLO
INE083A01026,MOREPENLAB
INE935B01025,MOSCHIP
INE0FS801015,MSUMI
INF247L01023,MOM100
INF247L01AP3,MON100
INE338I01027,MOTILALOFS
INF247L01536,MOM50
INF247L01AK4,MOGSEC
INF247L01FR8,MOALPHA50
INF247L01EV3,MOCAPITAL
INF247L01DJ0,MODEFENCE
INF247L01GH7,MOENERGY
INF247L01FY4,MOGOLD
INF247L01BB1,MOHEALTH
INF247L01FL1,MOINFRA
INF247L01GI5,MOIPO
INF247L01BL0,MOLOWVOL
INF247L01DK8,MOMENTUM50
INF247L01FK3,MOMGF
INF247L01FQ0,MOMIDMTM
INF247L01BK2,MOMOMENTUM
INF247L01FC0,MON50EQUAL
INF247L01FD8,MONEXT50
INF247L01GG9,MONIFTY100
INF247L01BU1,MONIFTY500
INF247L01AU3,MONQ50
INF247L01FO5,MOPSE
INF247L01BH8,MOQUALITY
INF247L01CI4,MOREALTY
INF247L01GJ3,MOSERVICE
INF247L01FZ1,MOSILVER
INF247L01CH6,MOSMALL250
INF247L01FP2,MOTOUR
INF247L01BE5,MOVALUE
INE0FRK01020,MOTISONS
INE861B01023,MOTOGENFIN
INE356A01018,MPHASIS
INE943D01017,MPSLTD
INE883A01011,MRF
INE103A01014,MRPL
INE495P01012,BECTORFOOD
INE752G01015,MSPL
INE255X01014,MSTCLTD
INE864I01014,MTARTECH
INE08KJ01020,MUFIN
INE304A01026,MUKANDLTD
INE0CG401037,MUKKA
INE374B01019,MUKTAARTS
INE745G01035,MCX
INE672B01032,MUNJALAU
INE577A01027,MUNJALSHOW
INE692B01014,MURUDCERA
INE919I01024,RADIOCITY
INE296G01013,MUTHOOTCAP
INE414G01012,MUTHOOTFIN
INE046W01019,MUTHOOTMF
INE740D01017,NRAIL
INE365I01020,NBIFIN
INE295D01020,NACLIND
INE756C01015,NDGL
INE454M01024,NAGAFERT
INE123B01028,NAGREEKEXP
INE049I01012,NAHARCAP
INE289A01011,NAHARINDUS
INE308A01027,NAHARPOLY
INE290A01027,NAHARSPING
INE236Y01012,NGIL
INE023A01030,NSIL
INE875G01048,NDL
INE696V01013,JAIPURKURT
INE410P01011,NH
INE987B01026,NATCOPHARM
INE448G01010,NATHBIOGEN
INE139A01034,NATIONALUM
INE870D01012,NFL
INE725A01030,NAVA
INE048G01026,NAVINFLUOR
INE278M01019,NAVKARCORP
INE268H01044,NAVKARURB
INE060A01024,NAVNETEDUL
INE418L01047,NAZARA
INE095N01031,NBCC
INE868B01028,NCC
INE732C01016,NCLIND
INE07OG01012,NDRAUTO
INE155G01029,NDTV
INE023H01027,NECLIFE
INE189I01024,NELCAST
INE045B01015,NELCO
INE136S01016,NEOGEN
INE317F01035,NESCO
INE239A01024,NESTLEIND
INE0NT901020,NETWEB
INE0FFK01017,NPST
INE870H01013,NETWORK18
INE794A01010,NEULANDLAB
INE619B01017,NEWGEN
INE747B01016,NEXTMEDIA
INE887E01022,NGLFINE
INE848E01016,NHPC
INE149O01018,NIBE
INE342G01023,NIITMTS
INE161A01038,NIITLTD
INE937C01029,NILAINFRA
INE310A01015,NILKAMAL
INE395U01014,NINSYS
INF204KB15I9,BANKBEES
INF204KA1LD7,CONSUMBEES
INF204KA1MS3,DIVOPPBEES
INF204KB18I3,NV20BEES
INF204KB17I5,GOLDBEES
INF204KB19I1,HNGSNGBEES
INF732E01268,INFRABEES
INF204KB15V2,ITBEES
INF732E01045,JUNIORBEES
INF732E01037,LIQUIDBEES
INF204KB1882,LTGILTBEES
INF204KB1V68,MID150BEES
INF204K014N5,NIF100BEES
INF204KB14I2,NIFTYBEES
INF204KB16I7,PSUBNKBEES
INF732E01128,SHARIABEES
INE298J01013,NAM-INDIA
INF204KC1FU1,LIQGRWBEES
INF204KC1GH6,MANUFGBEES
INF204KC1337,AUTOBEES
INF204KC1089,PHARMABEES
INF204KC1402,SILVERBEES
INF204KC1EZ3,SNXT30BEES
INE368I01016,NIRAJ
INE858F01012,NITCO
INE229H01012,NITINSPIN
INE439T01012,NITIRAJ
INE995S01015,NIVABUPA
INE542C01019,NKIND
INE589A01014,NLCINDIA
INE584A01023,NMDC
INE0NNS01018,NSLNISP
INE163A01018,NOCIL
INE781B01015,NOIDATOLL
INE553C01016,NECCLTD
INE850M01015,NORTHARC
INE02H701025,NOVAAGRI
INE349A01021,NRBBEARING
INE047O01014,NIBL
INE0ONG01011,NTPCGREEN
INE733E01010,NTPC
INE096B01018,NUCLEUS
INE0JM501013,NRL
INE531F01015,NUVAMA
INE118D01016,NUVOCO
INE093I01010,OBEROIRLTY
INE0PK601023,OCCLLTD
INE213A01029,ONGC
INE591A01010,OILCOUNTUB
INE274J01014,OIL
INE260D01016,OLECTRA
INE1BZC01019,OMFREIGHT
INE239D01028,OMINFRAL
INE090B01011,OMAXAUTO
INE800H01010,OMAXE
INE982J01020,PAYTM
INE0HLU01028,MOBIKWIK
INE840Y01029,ONEPOINT
INE013P01021,ONESOURCE
INE809I01019,ONMOBILE
INE229A01017,ONWARDTEC
INE350C01017,OPTIEMUS
INE881D01027,OFSS
INE231G01010,ORBTEXP
INE191A01027,ORCHPHARMA
INE607D01018,ORIENTBELL
INE876N01018,ORIENTCEM
INE569C01020,ORIENTCER
INE142Z01019,ORIENTELEC
INE999K01014,GREENPOWER
INE750A01020,ORIENTHOT
INE592A01026,ORIENTPPR
INE609C01024,ORIENTLTD
INE0PPK01015,ORIENTTECH
INE959C01023,OAL
INE998H01012,ORIENTALTL
INE426Z01016,OBCL
INE725E01024,ORISSAMINE
INE16NZ01023,ORKLAINDIA
INE749B01020,ORTINGLOBE
INE142A01012,OSWALAGRO
INE143A01010,OSWALGREEN
INE0BYP01024,OSWALPUMPS
INE953R01016,PNGJL
INE179A01014,PGHH
INE0S3G01027,PACEDIGITK
INE761H01022,PAGEIND
INE420C01059,PAISALO
INE551D01018,PAKKA
INE471W01019,PALASHSECU
INE922B01023,PANACEABIO
INE305C01029,PANAMAPET
INE697V01011,PANSARI
INE04LG01015,PAR
INE088F01024,PARADEEP
INE883N01014,PARAGMILK
INE074B01023,PARACABLES
INE045601023,PARAS
INE162C01024,PARASPETRO
INE988S01028,PARKHOTELS
INE561H01026,PARSVNATH
INE124Y01010,PASHUPATI
INE818B01023,PASUPTAC
INE619A01035,PATANJALI
INE244B01030,PATELENG
INE529D01014,PATINTLOG
INE0R8B01010,PATELRMART
INE07S101038,PAVNAIND
INE417T01026,POLICYBZR
INE785M01021,PCJEWELLER
INE602A01031,PCBL
INE111Q01021,PDSL
INE940H01022,PGIL
INE844A01013,PEARLPOLY
INE138A01028,PENINLAND
INE932A01024,PENIND
INE262H01021,PERSISTENT
INE347G01014,PETRONET
INE182A01018,PFIZER
INE457L01029,PGEL
INE0LP301011,PWL
INE603J01030,PIIND
INE546C01010,PICCADIL
INE318A01026,PIDILITIND
INE600A01035,PILITA
INE417C01014,PILANIINVS
INE15B701018,PINELABS
INE156C01018,PIONEEREMB
INE202B01038,PIRAMALFIN
INE0DK501011,PPLPHARMA
INE450D01021,PITTIENG
INE751B01018,PIXTRANS
INE083C01022,PLASTIBLEN
INE0PT501018,PLATIND
INE0INJ01017,PLAZACABLE
INE859A01011,PNBGILTS
INE572E01012,PNBHOUSING
INE195J01029,PNCINFRA
INE371C01013,PODDARMENT
INE637C01025,POKARNA
INE205C01021,POLYMED
INE455K01017,POLYCAB
INE633B01018,POLYPLEX
INE063E01053,POCL
INE838E01017,PONNIERODE
INE511C01022,POONAWALLA
INE772T01024,PVSL
INE134E01011,PFC
INE752E01010,POWERGRID
INE211R01019,POWERMECH
INE095I01015,PPAP
INE0I0M01023,PRABHA
INE074A01025,PRAJIND
INE603A01013,PRAKASH
INE050001010,PPL
INE696K01024,PRAKASHSTL
INE393P01035,DIAMONDYD
INE484I01029,PRECAM
INE372C01037,PRECWIRE
INE283A01014,PRECOT
INE0BS701011,PREMIERENE
INE863B01029,PREMEXPLN
INE309M01020,PREMIERPOL
INE811K01011,PRESTIGE
INE726V01018,PRICOLLTD
INE367G01038,PFOCUS
INE032B01021,PRIMESECU
INE607A01022,PRIMO
INE689W01016,PRINCEPIPE
INE010A01011,PRSMJOHNSN
INE974Z01015,PRITI
INE583R01029,PRITIKAUTO
INE959A01019,PRIVISCL
INE199A01012,PGHL
INE0BX301013,PROSTARM
INE004A01022,PROTEAN
INE00F201020,PRUDENT
INE024D01016,PRUDMOULI
INE488V01015,PSPPROJECT
INE560K01014,PFS
INE877F01012,PTC
INE596F01018,PTCIL
INE034D01049,PTL
INE865T01018,PDMJEPAPER
INE608A01012,PSB
INE277B01014,PUNJABCHEM
INE160A01022,PNB
INE323I01011,PURVA
INE191H01014,PVRINOX
INE0MIS01010,PYRAMID
INE0LRY01011,QUADFUTURE
INE0SII01026,QPOWER
INF082J01408,QGOLDHALF
INF082J01028,QNIFTY
INE615P01015,QUESS
INE306L01010,QUICKHEAL
INE0NQ801033,RKSWAMY
INE219Y01026,RMDRIP
INE777K01022,RRKABEL
INE411H01032,RSYSTEMS
INE012Q01021,RNBDENIMS
INE165B01029,RSSOFTWARE
INE324L01013,RPPINFRA
INE084Q01012,RACE
INE704B01017,RACLGEAR
INE874F01027,RADAAN
INE583V01021,RADHIKAJWE
INE855R01021,RADIANTCMS
INE944F01028,RADICO
INE912T01018,RPEL
INE415G01027,RVNL
INE0DD101019,RAILTEL
INE855B01025,RAIN
INE961O01016,RAINBOW
INE294G01026,ROML
INE952H01027,RAJTV
INE610C01014,ARENTERP
INE343B01030,RAJESHEXPO
INE00KV01022,RAJMET
INE535F01024,RAJOOENG
INE451D01029,RAJRATAN
INE760W01023,RPPL
INE562B01019,RAJSREESUG
INE613A01020,RALLIS
INE207E01023,RAMRAT
INE809A01032,RAMAPHO
INE230R01035,RAMASTEEL
INE614A01028,RAMCOIND
INE246B01019,RAMCOSYS
INE399G01023,RKFORGE
INE874I01013,RAMKY
INE625B01014,RANASUG
INE050H01012,RML
INE384A01010,RANEHOLDIN
INE0J1F01024,RPTECH
INE027A01015,RCF
INE0CLI01024,RATEGAIN
INE703B01027,RATNAMANI
INE05CZ01011,RATNAVEER
INE834M01019,RTNINDIA
INE399K01017,RTNPOWER
INE722J01012,RKDL
INE206N01018,RELTD
INE02ID01020,RAYMONDLSL
INE301A01014,RAYMOND
INE1SY401010,RAYMONDREL
INE976G01028,RBLBANK
INE0PEQ01016,RBZJEWEL
INE020B01018,RECLTD
INE891D01026,REDINGTON
INE0LXT01019,REDTAPE
INE056I01025,REFEX
INE0MHO01029,REGAAL
INE277C01012,REGENCERAM
INE131B01039,RELAXO
INF204KC1030,GILT5YBEES
INF204KC1022,SDL26BEES
INE750D01016,RELCHEMQ
INE046A01015,RIIL
INE002A01018,RELIANCE
INE614G01033,RPOWER
INE621H01010,RELIGARE
INE474C01023,REMSONSIND
INE722H01024,RGL
INE612J01015,REPCOHOME
INE461B01014,REPRO
INE688D01026,RESPONIND
INE07T201019,RBA
INE0DAB01012,RVTH
INE0KKN01029,RHETAN
INE743M01012,RHIM
INE209B01025,RICOAUTO
INE01EG01016,RITCO
INE320J01015,RITES
INE786W01010,RKEC
INE508K01013,RHL
INE645S01024,ROLEXRINGS
INE927A01040,ROLLT
INE02A801020,ROSSARI
INE847C01020,ROSSELLIND
INE0OJW01016,ROSSTECH
INE535D01037,ROTO
INE450U01017,ROUTE
INE283H01019,ROHLTD
INE105J01010,RPGLIFE
INE425Y01011,RPSGVENT
INE611A01016,RSWM
INE642C01025,RUBFILA
INE506V01022,RUBICON
INE413B01023,RUCHINFRA
INE803H01014,RUCHIRA
INE364Z01019,REPL
INE895B01021,RUPA
INE573K01025,RUSHIL
INE807K01035,SCHAND
INE500L01026,SHK
INE902B01017,S&SPOWER
INE212I01016,SPAL
INE13B501022,SAATVIKGL
INE226H01026,SADBHAV
INE429E01023,SAFARI
INE229C01021,SAGCEM
INE976T01013,SAGARDEEP
INE0W2G01015,SAGILITY
INE280H01015,SAHYADRI
INE570L01029,SAILIFE
INE438K01021,KALAMANDIR
INE732S01012,SAKAR
INE667G01023,SAKSOFT
INE623A01011,SAKHTISUG
INE190H01024,SAKUMA
INE170V01027,SALASAR
INE498E01010,SALONA
INE457F01013,SALZERELEC
INE12NJ01018,SAMBHV
INE08U801020,SAMHI
INE148I01020,SAMMAANCAP
INE735M01018,SAMPANN
INE775A01035,MOTHERSON
INE0JPD01013,SANATHAN
INE583B01015,SANDESH
INE278H01035,SANDHAR
INE149K01016,SANDUMA
INE495C01010,SANGAMIND
INE999B01013,SANGHIIND
INE989A01032,SANGHVIMOV
INE753W01010,SANGINITA
INE0UOS01011,SANOFICONR
INE058A01010,SANOFI
INE953O01021,SANSERA
INE08NE01025,SANSTAR
INE806T01020,SAPPHIRE
INE0PQ101010,SSDL
INE385C01021,SARDAEN
INE979A01025,SAREGAMA
INE453D01025,SARLAPOLY
INE017W01010,SMLT
INE324X01026,SARVESHWAR
INE231F01020,SASKEN
INE019J01013,SASTASUNDR
INE170E01023,SATIA
INE836B01017,SATIN
INE626A01014,SAURASHCEM
INE035D01020,SOTL
INE04AK01028,SBC
INE423Y01016,SBFC
INE018E01016,SBICARD
INE123W01016,SBILIFE
INF200KA16D8,SETFGOLD
INF200KA1FS1,SETFNIF50
INF200KA1580,SETFNIFBK
INF200KA1598,SETFNN50
INF200KA13Z8,LIQUIDSBI
INF200KB1712,SBIBPB
INF200KA1X17,SBIETFCON
INF200KA1S14,SBIETFIT
INF200KA1S22,SBIETFPB
INF200KA1WX6,SBIETFQLTY
INF200KB1969,SBILIQETF
INF200KB1282,SBINEQWETF
INF200KB1217,SBISILVER
INF200KA1JT1,SETF10GILT
INE513A01022,SCHAEFFLER
INE839M01018,SCHNEIDER
INE090501011,SCODATUBES
INE497B01018,SEAMECLTD
INE0BTM01013,SECMARK
INE617A01013,SEMAC
INE602W01027,SENCO
INE0RB801010,SENORES
INE964H01014,SEPC
INE807F01027,SEQUENT
INE782X01033,SERVOTECH
INE04VU01023,STYL
INE630A01024,SESHAPAPER
INE878E01021,SETCO
INE618R01015,SGFIN
INE385F01024,SGMART
INE640C01011,SHAHALLOYS
INE482J01021,SHAH
INE151G01028,SHAILY
INE908D01010,SHAKTIPUMP
INE597J01018,SHALBY
INE849C01026,SHALPAINTS
INE274V01019,SHANKARA
INE631A01022,SHANTIGEAR
INE06ZD01017,SHANTIGOLD
INE933X01016,SHANTI
INE221J01015,SHARDACROP
INE597I01028,SHARDAMOTR
INE932X01026,SHAREINDIA
INE916U01025,SFL
INE501Y01019,SCPL
INE268L01046,SHEKHAWATI
INE363M01019,SHEMAROO
INE024F01011,SHILCTECH
INE790G01031,SHILPAMED
INE0PB301013,SCILAL
INE109A01011,SCI
INE719F01016,SHIVAUM
INE644Y01017,SHIVAMILLS
INE705C01020,SHIVATEX
INE386D01027,SBCL
INE788J01021,SHIVALIK
INE637H01024,SHIVAMAUTO
INE498B01024,SHOPERSTOP
INE715Y01031,SHRADHA
INE712K01011,SHREEPUSHK
INE070A01015,SHREECEM
INE232A01011,SHREDIGCEM
INE278B01020,RAMANEWS
INE087H01022,RENUKA
INE0S2G01011,BALAJEE
INE00CE01017,SVLL
INE1B6101010,SHREEJISPG
INE632X01030,SHRENIK
INE231C01019,SHREYANIND
INE1B3L01017,SHRINGARMS
INF680P01422,LIQUIDSHRI
INE721A01047,SHRIRAMFIN
INE526E01018,SHRIPISTON
INE217L01019,SHRIRAMPPS
INE979R01011,SHYAMCENT
INE810G01011,SHYAMMETL
INE635A01023,SHYAMTEL
INE1NPP01017,ENRIN
INE003A01024,SIEMENS
INE0D0K01022,SIGACHI
INE903U01023,SIGNATURE
INE529F01035,SIGIND
INE0KGZ01021,SIGNPOST
INE923A01015,SILINV
INE625X01018,SILVERTUC
INE059B01024,SIMPLEXINF
INE985A01022,SINCLAIR
INE325D01025,SINDHUTRAD
INE129Z01016,SINTERCOM
INE792Z01011,SIRCA
INE285J01028,SIS
INE076B01028,SIYSIL
INE284S01014,SJS
INE002L01015,SJVN
INE640A01023,SKFINDIA
INE439E01022,SKIPPER
INE411D01015,SKMEGGPROD
INE01IU01018,SKYGOLD
INE178C01020,SMARTLINK
INE0NAZ01010,SMARTWORKS
INE103C01036,SMCGLOBAL
INE294B01019,SMLMAH
INE812G01025,SMSPHARMA
INE734N01019,SNOWMAN
INE671H01015,SOBHA
INE728Z01015,SOFTTECH
INE343H01029,SOLARINDS
INE624Z01016,SOLARA
INE0TY101024,SOLARWORLD
INE880Y01017,SOLEX
INE480C01038,SDBL
INE355A01028,SOMANYCERA
INE323J01019,SOMICONVEY
INE073K01018,SONACOMS
INE00LM01029,SONAMLTD
INE269A01021,SONATSOFTW
INE980Y01015,SOUTHWEST
INE572J01011,SPANDANA
INE247M01014,SPECIALITY
INE01EO01010,SPECTRUM
INE020801028,SPENCERS
INE147A01011,SPIC
INE978G01016,SPLIL
INE937A01023,SPMLINFRA
INE885H01029,SPORTKING
INE917H01012,SRHHYPOLTD
INE099F01013,SREEL
INE647A01010,SRF
INE559N01010,SRGHFL
INE416A01044,SABTNL
INE293B01029,HAVISHA
INE0V9Q01010,LOTUSDEV
INE0R6Z01013,SRM
INE0M4D01010,SGLTL
INE173A01025,SIL
INE01A001028,STANLEY
INE460H01021,STARCEMENT
INE575P01011,STARHEALTH
INE733A01018,STARPAPER
INE992I01013,STARTECK
INE062A01020,SBIN
INE114A01011,SAIL
INE395H01011,STEELCITY
INE503B01021,STEELXIND
INE802C01033,SSWL
INE124E01038,STEELCAS
INE577L01016,STEL
INE334A01023,STERTOOLS
INE089C01029,STLTECH
INE353H01010,SGL
INE1VXE01018,STLNETWORK
INE00IN01015,STOVEKRAFT
INE939A01011,STAR
INE00M201021,SWSOLAR
INE00Q601028,STUDDS
INE239C01020,STYLAMIND
INE189B01011,STYRENIX
INE754A01055,SUBEXLTD
INE287B01021,SUBROS
INE659A01023,SUDARSCHEM
INE0QPI01025,SUDEEPPHRM
INE450E01029,SUKHJITS
INE142Q01026,SULA
INE748Z01013,SUMIT
INE258G01013,SUMICHEM
INE519C01017,SUMMITSEC
INE232I01014,SPARC
INE044A01036,SUNPHARMA
INE424H01027,SUNTV
INE073D01013,SUNDRMBRAK
INE0Q3R01026,SUNCLAY
INE660A01013,SUNDARMFIN
INE108E01023,SUNDARAM
INE387A01021,SUNDRMFAST
INE209A01019,SUNDROP
INE947A01014,SUNFLAG
INE805D01034,SUNTECK
INE662A01027,SUPERSPIN
INE712B01010,SUPERHOUSE
INE399C01030,SUPRAJIT
INE822E01011,SUPREME
INE195A01028,SUPREMEIND
INE663A01033,SPLPETRO
INE07RO01027,SUPRIYA
INE843S01025,SURAJEST
INE713C01016,SURAJLTD
INE877V01027,SURAKSHA
INE272L01022,SURANASOL
INE130B01031,SURANAT&P
INE05ST01028,SBGLP
INE335A01020,SURYAROSNI
INE713B01026,SURYALAXMI
INE428Q01011,SURYODAY
INE645H01027,SUTLEJTEX
INE495B01038,SUVEN
INE018401013,SUVIDHAA
INE442P01014,SUYOG
INE040H01021,SUZLON
INE308E01029,SVPGLOB
INE665A01038,SWANCORP
INE277A01016,SWARAJENG
INE409B01013,SWELECTES
INE00H001014,SWIGGY
INE225D01027,SYMPHONY
INE312C01025,SYNCOMF
INE00QT01015,SGIL
INE398R01022,SYNGENE
INE0DYJ01015,SYRMA
INE356B01024,SYSTMTXC
INE592B01024,TTL
INE123C01018,TAINWALCHM
INE586B01026,TAJGVK
INE187D01029,TALBROAUTO
INE668A01016,TMB
INE107A01015,TNPL
INE148A01019,TNPETRO
INE141D01018,TNTELE
INE483C01032,TANLA
INE555Z01020,TARACHAND
INE0EK901012,TARC
INE924H01018,TARMAT
INE144Z01023,TARSONS
INE488B01017,TASTYBITE
INE976I01016,TATACAP
INE092A01019,TATACHEM
INE151A01013,TATACOMM
INE467B01029,TCS
INE192A01025,TATACONSUM
INE670A01012,TATAELXSI
INE672A01026,TATAINVEST
INE1TAE01010,TMCV
INE155A01022,TMPV
INE245A01021,TATAPOWER
INE081A01020,TATASTEEL
INE142M01025,TATATECH
INE517B01013,TTML
INF277K015R5,NETF
INF277K010X4,NPBET
INF277KA1364,TNIDETF
INF277KA1976,TATAGOLD
INF277KA1984,TATSILV
INE0GK401011,TATVA
INE673O01025,TBOTEK
INE586V01016,TCIEXP
INE911B01018,TCIFINANCE
INE822C01015,TCPLPACK
INE419M01027,TDPOWERSYS
INE289C01025,TEAMGTY
INE985S01024,TEAMLEASE
INE065J01024,TPHQ
INE669C01036,TECHM
INE285K01026,TECHNOE
INE545H01011,TIIL
INE011K01018,TEGA
INE010J01012,TEJASNET
INE869Y01010,TEMBO
INE19RI01016,TENNIND
INE435C01024,TEXINFRA
INE621L01012,TEXRAIL
INE141K01013,TEXMOPIPES
INE797H01018,TGBHOTELS
INE085J01014,THANGAMAYL
INE294Z01018,ANUP
INE319B01014,BYKE
INE017A01032,GESHIP
INE646C01018,GROBTEA
INE383A01012,INDIACEM
INE053A01029,INDHOTEL
INE924D01017,THEINVEST
INE470Y01017,NIACL
INE211B01039,PHOENIXLTD
INE331A01037,RAMCOCEM
INE301D01026,RUBYMILLS
INE683A01023,SOUTHBANK
INE655A01013,STCINDIA
INE071E01023,UGARSUGAR
INE215F01023,WIPL
INE121N01019,THEJO
INE083B01024,THEMISMED
INE152A01029,THERMAX
INE338A01024,TIRUMALCHM
INE332A01027,THOMASCOOK
INE480M01011,THOMASCOTT
INE594H01019,THYROCARE
INE906O01029,TIGERLOGS
INE440L01017,TIJARIA
INE806C01018,TIL
INE133E01013,TI
INE508G01029,TIMETECHNO
INE325A01013,TIMKEN
INE015C01016,TINNARUBR
INE0LQS01015,TIPSFILMS
INE716B01029,TIPSMUSIC
INE319Y01024,TIRUPATIFL
INE615H01020,TITAGARH
INE280A01028,TITAN
INE932C01012,TOKYOPLAST
INE0RWQ01014,TOLINS
INE685A01028,TORNTPHARM
INE813H01021,TORNTPOWER
INE336X01012,TOTAL
INE486Y01013,TOUCHWOOD
INE305A01023,TFCILTD
INE413G01022,TPLPLASTEH
INE0HMF01019,TRACXN
INE763I01026,TARIL
INE0O3901029,TREL
INE688A01022,TCI
INE454P01035,TRANSRAILL
INE804H01012,TFL
INE757B01015,TRANSWORLD
INE103V01028,TRAVELFOOD
INE040M01013,TREEHOUSE
INE849A01020,TRENT
INE391D01019,TRF
INE760L01018,TBZ
INE064C01022,TRIDENT
INE256C01024,TRIVENI
INE152M01016,TRITURBINE
INE0MWH01014,TRUALT
INE615R01029,TRU
INE202Z01029,TSFINV
INE910C01018,TTKHLTCARE
INE690A01028,TTKPRESTIG
INE974X01010,TIINDIA
INE038F01029,TVTODAY
INE871L01013,TVVISION
INE236G01019,TVSELECT
INE105A01035,TVSHLTD
INE494B01023,TVSMOTOR
INE421C01016,TVSSRICHAK
INE395N01027,TVSSCS
INE139B01016,UCAL
INE691A01018,UCOBANK
INE0N0Y01013,USK
INE516A01017,UFLEX
INE527H01019,UFO
INE583D01011,UGROCAP
INE551W01018,UJJIVANSFB
INE481G01011,ULTRACEMCO
INE0GIU01018,UMAEXPORTS
INE398B01018,UMIYA-MRO
INE351A01035,UNICHEMLAB
INE00U401027,UNIECOM
INE481Z01011,UNIINFO
INE0U3I01011,UNIMECH
INE692A01016,UNIONBANK
INF582M01KS4,UNIONGOLD
INE244O01017,UNIPARTS
INE037A01022,UNIENTER
INE694A01020,UNITECH
INE686F01025,UBL
INE961D01019,UNIDT
INE382M01027,UFBL
INE458F01011,UNITEDTEA
INE854D01024,UNITDSPR
INE562X01013,UNIVASTU
INE279A01012,UNIVCABLES
INE03V001013,UNIVPHOTO
INE405E01023,UNOMINDA
INE851I01011,UDS
INE628A01036,UPL
INE568Z01015,URAVIDEF
INE0CAZ01013,URBANCO
INE550C01020,URJA
INE240C01028,UMESLTD
INE228A01035,USHAMART
INE094J01016,UTIAMC
INF789F1AUX7,GOLDSHARE
INF789F1AZF3,NIF10GETF
INF789F1AZE6,NIF5GETF
INF789F1AZD8,NIFITETF
INF789F1AYX9,NIFMID150
INF789F1AYK6,SILVERETF
INF789F1AUV1,UTIBANKETF
INF789F1AUW9,UTINEXT50
INF789F1AZC0,UTINIFTETF
INF789FB1X58,UTISENSETF
INF789F1AUU3,UTISXN50
INE735W01017,UTKARSHBNK
INE786F01031,UTTAMSUGAR
INE951I01027,VGUARD
INE945H01013,V2RETAIL
INE956G01038,WABAG
INE694D01016,VADILALIND
INE884A01027,VAIBHAVGBL
INE972X01022,VAISHALI
INE051B01021,VAKRANGEE
INE0JWS01017,VALIANTLAB
INE565V01010,VALIANTORG
INE879I01012,DBREALTY
INE116G01013,VARDHACRLC
INE701A01023,VHL
INE835A01029,VARDMNPOLY
INE050M01012,VSSL
INE825A01020,VTL
INE665L01035,VARROC
INE200M01039,VBL
INE893I01013,VASCONEQ
INE590L01019,VASWANI
INE825V01034,MANYAVAR
INE205A01025,VEDL
INE484C01030,VEEDOL
INE398A01010,VENKEYS
INE781S01027,VENTIVE
INE0JA001018,VENUSPIPES
INE411B01019,VENUSREM
INE0IQ001011,VERANDA
INE188Y01031,VERTOZ
INE386A01023,VESUVIUS
INE918N01018,VETO
INE0QTF01015,VSTL
INE632C01026,VIDHIING
INE043W01024,VIJAYA
INE159N01027,VIJIFIN
INE806A01020,VIKASECO
INE161L01027,VIKASLIFE
INE078V01014,VIKRAMSOLR
INE01R501028,VIKRAN
INE579C01029,VIMTALABS
INE410B01037,VINATIORGA
INE707A01012,VINDHYATEL
INE505Y01010,VINEETLAB
INE01KI01027,VINNY
INE498Q01014,VINCOFE
INE250B01029,VINYLINDIA
INE450G01024,VIPCLOTHNG
INE054A01027,VIPIND
INE946H01037,VIPULLTD
INE370E01029,VIVIDHA
INE392A01021,VISAKAIND
INE01EA01019,VMM
INE270I01022,VISHNU
INE0AE001013,VPRPL
INE430N01022,VISHWARAJ
INE03HW01020,VLEGOV
INE709A01018,VLSFINANCE
INE665J01013,VMART
INE0SJA01013,VMSTMT
INE669E01016,IDEA
INE540H01012,VOLTAMP
INE226A01021,VOLTAS
INE0S2V01010,VRAJ
INE366I01010,VRLLOG
INE710A01016,VSTIND
INE764D01017,VSTTILLERS
INE100D01014,WSI
INE377N01017,WAAREEENER
INE299N01021,WAAREERTL
INE711A01022,WALCHANNAG
INE107F01022,WANBURY
INE658T01017,WEALTH
INE855C01023,WEBELSOLAR
INE080A01014,WEIZMANIND
INE191B01025,WELCORP
INE625G01013,WELENT
INE389K01018,WELINV
INE192B01031,WELSPUNLIV
INE274C01019,WENDT
INE976A01021,WSTCSTPAPR
INE0CJF01024,WCIL
INE274F01020,WESTLIFE
INE085001019,WEWORK
INE715A01015,WHEELS
INE716A01013,WHIRLPOOL
INE210A01017,WILLAMAGOR
INE0H5O01029,WINDLAS
INE052A01021,WINDMACHIN
INE075A01022,WIPRO
INE049B01025,WOCKPHARMA
INE02WG01024,WEL
INE066O01014,WONDERLA
INE196Y01018,WORTHPERI
INE692G01013,XCHANGING
INE445C01015,XPROINDIA
INE547B01028,XTGLOBAL
INE616Z01012,YASHO
INE0JO301016,YATHARTH
INE0JR601024,YATRA
INE528G01035,YESBANK
INE384C01016,YUKEN
INE07K301024,ZAGGLE
INE256A01028,ZEEL
INE565L01011,ZEELEARN
INE966H01019,ZEEMEDIA
INE251B01027,ZENTEC
INE058B01018,ZENITHEXPO
INE520A01027,ZENSARTECH
INF0R8F01042,GOLDCASE
INF0R8F01034,LIQUIDCASE
INF0R8F01133,LTGILTCASE
INF0R8F01059,MID150CASE
INF0R8F01166,NIFTYCASE
INF0R8F01091,SILVERCASE
INF0R8F01141,SML100CASE
INF0R8F01067,TOP100CASE
INE342J01019,ZFCVINDIA
INE518E01015,ZIMLAB
INE206B01013,ZODIACLOTH
INE761Y01019,ZODIAC
INE358U01012,ZOTA
INE840M01016,ZUARI
INE217A01012,ZUARIIND
INE010B01027,ZYDUSLIFE
INE768C01028,ZYDUSWELL
,Nifty
,Nifty Bank
,Nifty IT
,Nifty Midcap 100
,Nifty Smallcap 100
